Job_ID,Skill
IND2025002,JIRA
IND2025002,Excel
IND2025002,Power BI
IND2025007,Agile
IND2025007,Power BI
IND2025007,Requirements Gathering
IND2025012,SQL
IND2025012,Tableau
IND2025012,Power BI
IND2025012,Statistics
IND2025012,Excel
IND2025012,Python
IND2025018,Airflow
IND2025018,AWS
IND2025018,Spark
IND2025018,Python
IND2025018,Kafka
IND2025034,Python
IND2025034,SQL
IND2025034,Spark
IND2025034,ETL
IND2025034,AWS
IND2025037,Tableau
IND2025037,Power BI
IND2025037,Excel
IND2025037,SQL
IND2025037,Python
IND2025037,Statistics
IND2025038,Data Visualization
IND2025038,Python
IND2025038,Tableau
IND2025038,Statistics
IND2025039,Python
IND2025039,Airflow
IND2025039,dbt
IND2025039,SQL
IND2025058,SQL
IND2025058,dbt
IND2025058,Spark
IND2025058,Python
IND2025060,Power BI
IND2025060,Agile
IND2025060,Excel
IND2025070,Data Visualization
IND2025070,Statistics
IND2025070,Power BI
IND2025070,Excel
IND2025070,Tableau
IND2025083,Power BI
IND2025083,SQL
IND2025083,Data Visualization
IND2025083,Tableau
IND2025083,Excel
IND2025095,Data Visualization
IND2025095,Tableau
IND2025095,Power BI
IND2025095,SQL
IND2025095,Excel
IND2025096,Python
IND2025096,Power BI
IND2025096,Excel
IND2025096,Data Visualization
IND2025096,Statistics
IND2025108,SQL
IND2025108,Agile
IND2025108,Excel
IND2025111,Requirements Gathering
IND2025111,Agile
IND2025111,JIRA
IND2025111,Power BI
IND2025111,Excel
IND2025113,Excel
IND2025113,Power BI
IND2025113,JIRA
IND2025113,Agile
IND2025113,SQL
IND2025118,SQL
IND2025118,dbt
IND2025118,Airflow
IND2025118,AWS
IND2025118,ETL
IND2025119,Python
IND2025119,Airflow
IND2025119,Spark
IND2025120,Agile
IND2025120,Power BI
IND2025120,JIRA
IND2025130,dbt
IND2025130,AWS
IND2025130,Airflow
IND2025132,Tableau
IND2025132,Power BI
IND2025132,Data Visualization
IND2025132,Python
IND2025133,NLP
IND2025133,Deep Learning
IND2025133,Pandas
IND2025133,Statistics
IND2025151,Power BI
IND2025151,Statistics
IND2025151,Tableau
IND2025154,Statistics
IND2025154,Pandas
IND2025154,Tableau
IND2025154,Deep Learning
IND2025154,NLP
IND2025154,Machine Learning
IND2025158,JIRA
IND2025158,Power BI
IND2025158,Agile
IND2025158,Excel
IND2025158,Requirements Gathering
IND2025158,SQL
IND2025164,AWS
IND2025164,dbt
IND2025164,SQL
IND2025164,Spark
IND2025164,ETL
IND2025164,Python
IND2025178,TensorFlow
IND2025178,Tableau
IND2025178,Deep Learning
IND2025178,Scikit-learn
IND2025178,Pandas
IND2025182,TensorFlow
IND2025182,Scikit-learn
IND2025182,NLP
IND2025182,Deep Learning
IND2025182,Machine Learning
IND2025185,NLP
IND2025185,TensorFlow
IND2025185,Machine Learning
IND2025185,Scikit-learn
IND2025185,Pandas
IND2025188,Data Visualization
IND2025188,SQL
IND2025188,Excel
IND2025188,Tableau
IND2025188,Power BI
IND2025188,Python
IND2025189,Excel
IND2025189,SQL
IND2025189,Requirements Gathering
IND2025189,Power BI
IND2025189,JIRA
IND2025193,SQL
IND2025193,JIRA
IND2025193,Agile
IND2025194,Power BI
IND2025194,JIRA
IND2025194,Agile
IND2025195,Excel
IND2025195,SQL
IND2025195,Tableau
IND2025195,Python
IND2025195,Data Visualization
IND2025211,Excel
IND2025211,Agile
IND2025211,SQL
IND2025220,JIRA
IND2025220,Requirements Gathering
IND2025220,Power BI
IND2025220,SQL
IND2025224,SQL
IND2025224,Excel
IND2025224,Requirements Gathering
IND2025224,Power BI
IND2025224,Agile
IND2025229,Spark
IND2025229,AWS
IND2025229,ETL
IND2025229,Airflow
IND2025235,Statistics
IND2025235,Excel
IND2025235,Data Visualization
IND2025235,Python
IND2025235,Tableau
IND2025235,SQL
IND2025239,ETL
IND2025239,dbt
IND2025239,Python
IND2025239,Spark
IND2025240,Requirements Gathering
IND2025240,SQL
IND2025240,JIRA
IND2025240,Power BI
IND2025240,Excel
IND2025244,Excel
IND2025244,Statistics
IND2025244,Power BI
IND2025244,Tableau
IND2025245,Tableau
IND2025245,Deep Learning
IND2025245,Scikit-learn
IND2025245,TensorFlow
IND2025246,Power BI
IND2025246,Requirements Gathering
IND2025246,SQL
IND2025246,JIRA
IND2025246,Excel
IND2025263,Python
IND2025263,Tableau
IND2025263,Power BI
IND2025273,Power BI
IND2025273,Requirements Gathering
IND2025273,Excel
IND2025277,Statistics
IND2025277,Python
IND2025277,Data Visualization
IND2025277,Excel
IND2025277,Tableau
IND2025277,Power BI
IND2025290,ETL
IND2025290,AWS
IND2025290,Python
IND2025298,ETL
IND2025298,AWS
IND2025298,Airflow
IND2025298,Spark
IND2025300,Deep Learning
IND2025300,NLP
IND2025300,SQL
IND2025300,TensorFlow
IND2025300,Scikit-learn
IND2025326,Power BI
IND2025326,Excel
IND2025326,Python
IND2025326,SQL
IND2025331,Excel
IND2025331,JIRA
IND2025331,SQL
IND2025331,Power BI
IND2025331,Agile
IND2025332,JIRA
IND2025332,Power BI
IND2025332,Requirements Gathering
IND2025332,Excel
IND2025332,SQL
IND2025343,Agile
IND2025343,Excel
IND2025343,JIRA
IND2025343,Power BI
IND2025355,dbt
IND2025355,Spark
IND2025355,Kafka
IND2025355,Python
IND2025355,AWS
IND2025355,Airflow
IND2025381,TensorFlow
IND2025381,Deep Learning
IND2025381,Machine Learning
IND2025386,dbt
IND2025386,Python
IND2025386,SQL
IND2025386,Spark
IND2025386,ETL
IND2025399,Statistics
IND2025399,SQL
IND2025399,Excel
IND2025399,Data Visualization
IND2025399,Power BI
IND2025410,Python
IND2025410,AWS
IND2025410,dbt
IND2025410,SQL
IND2025414,SQL
IND2025414,Data Visualization
IND2025414,Statistics
IND2025414,Python
IND2025414,Excel
IND2025414,Power BI
IND2025416,Excel
IND2025416,SQL
IND2025416,Statistics
IND2025416,Data Visualization
IND2025421,NLP
IND2025421,Scikit-learn
IND2025421,SQL
IND2025421,Python
IND2025422,Power BI
IND2025422,Excel
IND2025422,SQL
IND2025422,JIRA
IND2025429,Tableau
IND2025429,Python
IND2025429,NLP
IND2025429,SQL
IND2025429,Scikit-learn
IND2025433,dbt
IND2025433,SQL
IND2025433,Spark
IND2025433,Airflow
IND2025433,AWS
IND2025435,Requirements Gathering
IND2025435,Power BI
IND2025435,JIRA
IND2025435,SQL
IND2025435,Excel
IND2025435,Agile
IND2025438,Statistics
IND2025438,Data Visualization
IND2025438,SQL
IND2025438,Excel
IND2025440,SQL
IND2025440,NLP
IND2025440,Machine Learning
IND2025440,Deep Learning
IND2025440,Python
IND2025440,TensorFlow
IND2025444,Tableau
IND2025444,Statistics
IND2025444,Data Visualization
IND2025463,Requirements Gathering
IND2025463,Excel
IND2025463,Agile
IND2025463,JIRA
IND2025463,Power BI
IND2025472,SQL
IND2025472,JIRA
IND2025472,Requirements Gathering
IND2025472,Agile
IND2025472,Excel
IND2025474,Agile
IND2025474,Power BI
IND2025474,SQL
IND2025474,JIRA
IND2025474,Excel
IND2025474,Requirements Gathering
IND2025477,Tableau
IND2025477,Deep Learning
IND2025477,Machine Learning
IND2025482,JIRA
IND2025482,Power BI
IND2025482,Requirements Gathering
IND2025492,Statistics
IND2025492,Data Visualization
IND2025492,Tableau
IND2025497,Airflow
IND2025497,AWS
IND2025497,ETL
IND2025497,Python
IND2025497,dbt
IND2025503,Tableau
IND2025503,Data Visualization
IND2025503,Power BI
IND2025503,Statistics
IND2025503,Python
IND2025504,Statistics
IND2025504,Scikit-learn
IND2025504,Machine Learning
IND2025504,Deep Learning
IND2025504,Python
IND2025507,Excel
IND2025507,Statistics
IND2025507,SQL
IND2025507,Power BI
IND2025507,Data Visualization
IND2025514,Scikit-learn
IND2025514,Deep Learning
IND2025514,Statistics
IND2025514,Python
IND2025514,SQL
IND2025521,Airflow
IND2025521,dbt
IND2025521,ETL
IND2025542,Tableau
IND2025542,Data Visualization
IND2025542,SQL
IND2025542,Excel
IND2025542,Power BI
IND2025542,Statistics
IND2025548,Tableau
IND2025548,Statistics
IND2025548,Excel
IND2025549,Python
IND2025549,Airflow
IND2025549,Kafka
IND2025549,ETL
IND2025549,SQL
IND2025550,Requirements Gathering
IND2025550,Power BI
IND2025550,Excel
IND2025552,AWS
IND2025552,Airflow
IND2025552,dbt
IND2025552,ETL
IND2025552,SQL
IND2025552,Spark
IND2025553,Data Visualization
IND2025553,Tableau
IND2025553,Excel
IND2025554,SQL
IND2025554,Agile
IND2025554,JIRA
IND2025556,Tableau
IND2025556,Deep Learning
IND2025556,SQL
IND2025556,Statistics
IND2025556,NLP
IND2025559,Power BI
IND2025559,JIRA
IND2025559,Requirements Gathering
IND2025559,SQL
IND2025564,Tableau
IND2025564,Statistics
IND2025564,Power BI
IND2025564,SQL
IND2025564,Data Visualization
IND2025568,Pandas
IND2025568,Statistics
IND2025568,Tableau
IND2025568,NLP
IND2025568,Python
IND2025573,Data Visualization
IND2025573,SQL
IND2025573,Power BI
IND2025573,Tableau
IND2025575,SQL
IND2025575,dbt
IND2025575,Spark
IND2025575,Airflow
IND2025575,ETL
IND2025597,Python
IND2025597,TensorFlow
IND2025597,SQL
IND2025597,Scikit-learn
IND2025601,Data Visualization
IND2025601,Excel
IND2025601,SQL
IND2025601,Power BI
IND2025601,Tableau
IND2025602,Spark
IND2025602,Airflow
IND2025602,AWS
IND2025611,Tableau
IND2025611,Excel
IND2025611,Data Visualization
IND2025611,SQL
IND2025611,Python
IND2025611,Statistics
IND2025613,Excel
IND2025613,Requirements Gathering
IND2025613,SQL
IND2025633,ETL
IND2025633,Python
IND2025633,Spark
IND2025633,SQL
IND2025633,AWS
IND2025633,Kafka
IND2025635,dbt
IND2025635,Spark
IND2025635,Airflow
IND2025635,AWS
IND2025635,SQL
IND2025636,Python
IND2025636,Statistics
IND2025636,Machine Learning
IND2025636,TensorFlow
IND2025640,Machine Learning
IND2025640,Pandas
IND2025640,Scikit-learn
IND2025642,Kafka
IND2025642,SQL
IND2025642,ETL
IND2025642,Airflow
IND2025646,SQL
IND2025646,ETL
IND2025646,Kafka
IND2025657,Power BI
IND2025657,Python
IND2025657,Data Visualization
IND2025657,SQL
IND2025657,Statistics
IND2025657,Tableau
IND2025664,Python
IND2025664,Statistics
IND2025664,TensorFlow
IND2025671,Excel
IND2025671,Power BI
IND2025671,Statistics
IND2025671,Tableau
IND2025671,Data Visualization
IND2025672,Agile
IND2025672,JIRA
IND2025672,SQL
IND2025672,Power BI
IND2025676,Machine Learning
IND2025676,SQL
IND2025676,Pandas
IND2025676,Tableau
IND2025676,Python
IND2025676,Statistics
IND2025679,Power BI
IND2025679,Agile
IND2025679,Requirements Gathering
IND2025679,Excel
IND2025680,SQL
IND2025680,Airflow
IND2025680,Python
IND2025689,Spark
IND2025689,dbt
IND2025689,Python
IND2025689,SQL
IND2025689,AWS
IND2025692,NLP
IND2025692,Statistics
IND2025692,Pandas
IND2025692,Python
IND2025698,Excel
IND2025698,Statistics
IND2025698,Power BI
IND2025705,Tableau
IND2025705,Scikit-learn
IND2025705,TensorFlow
IND2025705,Pandas
IND2025705,Deep Learning
IND2025705,Statistics
IND2025715,SQL
IND2025715,Pandas
IND2025715,Python
IND2025715,Tableau
IND2025715,TensorFlow
IND2025715,Deep Learning
IND2025718,Excel
IND2025718,SQL
IND2025718,Statistics
IND2025720,dbt
IND2025720,SQL
IND2025720,AWS
IND2025720,Kafka
IND2025720,Spark
IND2025721,SQL
IND2025721,Deep Learning
IND2025721,Python
IND2025721,Pandas
IND2025721,Scikit-learn
IND2025721,NLP
IND2025728,Spark
IND2025728,Airflow
IND2025728,dbt
IND2025728,ETL
IND2025728,Kafka
IND2025740,SQL
IND2025740,Statistics
IND2025740,Data Visualization
IND2025740,Tableau
IND2025742,Data Visualization
IND2025742,SQL
IND2025742,Statistics
IND2025742,Tableau
IND2025742,Power BI
IND2025742,Excel
IND2025743,Tableau
IND2025743,Excel
IND2025743,Python
IND2025743,Data Visualization
IND2025743,Statistics
IND2025745,Python
IND2025745,Kafka
IND2025745,SQL
IND2025751,Python
IND2025751,Kafka
IND2025751,SQL
IND2025751,dbt
IND2025772,Machine Learning
IND2025772,Tableau
IND2025772,NLP
IND2025772,SQL
IND2025772,Python
IND2025773,Requirements Gathering
IND2025773,Excel
IND2025773,JIRA
IND2025773,SQL
IND2025773,Power BI
IND2025782,JIRA
IND2025782,Requirements Gathering
IND2025782,SQL
IND2025782,Power BI
IND2025782,Excel
IND2025782,Agile
IND2025790,Scikit-learn
IND2025790,Pandas
IND2025790,Machine Learning
IND2025790,Python
IND2025790,SQL
IND2025795,SQL
IND2025795,Statistics
IND2025795,Scikit-learn
IND2025795,TensorFlow
IND2025795,Pandas
IND2025804,Python
IND2025804,Kafka
IND2025804,Airflow
IND2025804,ETL
IND2025804,dbt
IND2025804,Spark
IND2025805,SQL
IND2025805,Pandas
IND2025805,Machine Learning
IND2025805,Tableau
IND2025814,AWS
IND2025814,Python
IND2025814,Airflow
IND2025814,ETL
IND2025814,Spark
IND2025814,dbt
IND2025816,SQL
IND2025816,TensorFlow
IND2025816,Statistics
IND2025827,Python
IND2025827,SQL
IND2025827,Excel
IND2025827,Tableau
IND2025827,Statistics
IND2025827,Data Visualization
IND2025832,Airflow
IND2025832,AWS
IND2025832,Python
IND2025857,Deep Learning
IND2025857,Tableau
IND2025857,Statistics
IND2025857,Scikit-learn
IND2025857,NLP
IND2025863,Python
IND2025863,Tableau
IND2025863,Excel
IND2025863,Data Visualization
IND2025863,Statistics
IND2025863,SQL
IND2025893,Airflow
IND2025893,Spark
IND2025893,dbt
IND2025893,Kafka
IND2025893,Python
IND2025893,AWS
IND2025896,NLP
IND2025896,Python
IND2025896,SQL
IND2025901,Python
IND2025901,Kafka
IND2025901,SQL
IND2025901,AWS
IND2025915,Airflow
IND2025915,dbt
IND2025915,Kafka
IND2025919,dbt
IND2025919,Airflow
IND2025919,ETL
IND2025919,AWS
IND2025919,Python
IND2025928,SQL
IND2025928,Scikit-learn
IND2025928,Statistics
IND2025930,Data Visualization
IND2025930,Python
IND2025930,Power BI
IND2025930,SQL
IND2025931,dbt
IND2025931,ETL
IND2025931,SQL
IND2025931,AWS
IND2025931,Airflow
IND2025934,Kafka
IND2025934,Python
IND2025934,dbt
IND2025934,AWS
IND2025937,Deep Learning
IND2025937,SQL
IND2025937,Pandas
IND2025937,Python
IND2025937,Tableau
IND2025937,Scikit-learn
IND2025942,Kafka
IND2025942,Airflow
IND2025942,ETL
IND2025951,Pandas
IND2025951,Deep Learning
IND2025951,TensorFlow
IND2025951,NLP
IND2025952,Python
IND2025952,Data Visualization
IND2025952,Excel
IND2025952,Power BI
IND2025952,SQL
IND2025955,Excel
IND2025955,SQL
IND2025955,Requirements Gathering
IND2025955,Power BI
IND2025959,Statistics
IND2025959,Pandas
IND2025959,Machine Learning
IND2025967,NLP
IND2025967,Deep Learning
IND2025967,Python
IND2025968,Excel
IND2025968,SQL
IND2025968,Requirements Gathering
IND2025968,Power BI
IND2025968,Agile
IND2025968,JIRA
IND2025970,TensorFlow
IND2025970,SQL
IND2025970,Tableau
IND2025974,Machine Learning
IND2025974,NLP
IND2025974,Statistics
IND2025982,Agile
IND2025982,Power BI
IND2025982,JIRA
IND2025985,NLP
IND2025985,Deep Learning
IND2025985,SQL
IND2025985,TensorFlow
IND2025985,Machine Learning
IND2025997,Kafka
IND2025997,AWS
IND2025997,dbt
IND2025998,Python
IND2025998,Power BI
IND2025998,Tableau
IND2025998,Data Visualization
IND2026004,Deep Learning
IND2026004,Tableau
IND2026004,SQL
IND2026004,Python
IND2026007,dbt
IND2026007,Kafka
IND2026007,Python
IND2026007,SQL
IND2026007,Spark
IND2026019,Data Visualization
IND2026019,Tableau
IND2026019,Statistics
IND2026022,Requirements Gathering
IND2026022,SQL
IND2026022,JIRA
IND2026024,Statistics
IND2026024,Tableau
IND2026024,Python
IND2026024,Pandas
IND2026024,TensorFlow
IND2026024,SQL
IND2026029,SQL
IND2026029,Power BI
IND2026029,Python
IND2026030,Statistics
IND2026030,Power BI
IND2026030,Python
IND2026038,Spark
IND2026038,ETL
IND2026038,dbt
IND2026046,Pandas
IND2026046,NLP
IND2026046,SQL
IND2026046,Scikit-learn
IND2026046,Deep Learning
IND2026050,Tableau
IND2026050,Python
IND2026050,Scikit-learn
IND2026050,Statistics
IND2026053,SQL
IND2026053,Excel
IND2026053,Requirements Gathering
IND2026066,SQL
IND2026066,Requirements Gathering
IND2026066,Agile
IND2026066,Power BI
IND2026069,SQL
IND2026069,Power BI
IND2026069,Requirements Gathering
IND2026069,JIRA
IND2026069,Excel
IND2026069,Agile
IND2026070,SQL
IND2026070,Power BI
IND2026070,Agile
IND2026070,Excel
IND2026070,JIRA
IND2026070,Requirements Gathering
IND2026079,SQL
IND2026079,Statistics
IND2026079,Machine Learning
IND2026079,Deep Learning
IND2026079,Scikit-learn
IND2026082,Data Visualization
IND2026082,Excel
IND2026082,Tableau
IND2026082,Python
IND2026082,Power BI
IND2026083,Python
IND2026083,dbt
IND2026083,Airflow
IND2026084,Deep Learning
IND2026084,Machine Learning
IND2026084,NLP
IND2026084,Python
IND2026084,Scikit-learn
IND2026084,Tableau
IND2026089,Requirements Gathering
IND2026089,Agile
IND2026089,SQL
IND2026089,Power BI
IND2026090,dbt
IND2026090,SQL
IND2026090,AWS
IND2026090,Spark
IND2026094,Agile
IND2026094,Requirements Gathering
IND2026094,JIRA
IND2026100,Python
IND2026100,Airflow
IND2026100,SQL
IND2026101,Python
IND2026101,Statistics
IND2026101,Tableau
IND2026101,SQL
IND2026105,Tableau
IND2026105,SQL
IND2026105,Excel
IND2026105,Statistics
IND2026105,Power BI
IND2026105,Data Visualization
IND2026108,Spark
IND2026108,SQL
IND2026108,dbt
IND2026108,Kafka
IND2026110,Excel
IND2026110,Data Visualization
IND2026110,SQL
IND2026114,Agile
IND2026114,JIRA
IND2026114,SQL
IND2026116,Airflow
IND2026116,dbt
IND2026116,Spark
IND2026116,AWS
IND2026116,ETL
IND2026117,SQL
IND2026117,Scikit-learn
IND2026117,Tableau
IND2026117,Deep Learning
IND2026117,TensorFlow
IND2026118,SQL
IND2026118,Statistics
IND2026118,Python
IND2026118,Power BI
IND2026118,Data Visualization
IND2026127,Data Visualization
IND2026127,Power BI
IND2026127,Excel
IND2026127,Statistics
IND2026127,SQL
IND2026131,Airflow
IND2026131,SQL
IND2026131,Spark
IND2026137,Pandas
IND2026137,TensorFlow
IND2026137,Statistics
IND2026138,Pandas
IND2026138,Tableau
IND2026138,NLP
IND2026138,Scikit-learn
IND2026146,Excel
IND2026146,JIRA
IND2026146,Agile
IND2026146,Power BI
IND2026150,Python
IND2026150,Kafka
IND2026150,dbt
IND2026150,ETL
IND2026150,AWS
IND2026150,Spark
IND2026151,Machine Learning
IND2026151,Tableau
IND2026151,TensorFlow
IND2026151,Scikit-learn
IND2026153,Statistics
IND2026153,Tableau
IND2026153,Scikit-learn
IND2026160,Data Visualization
IND2026160,Excel
IND2026160,Tableau
IND2026160,SQL
IND2026160,Statistics
IND2026160,Power BI
IND2026161,dbt
IND2026161,Python
IND2026161,Kafka
IND2026161,Spark
IND2026161,AWS
IND2026161,SQL
IND2026182,Excel
IND2026182,Python
IND2026182,SQL
IND2026182,Power BI
IND2026182,Tableau
IND2026182,Statistics
IND2026192,Machine Learning
IND2026192,SQL
IND2026192,Python
IND2026192,Pandas
IND2026198,Python
IND2026198,Kafka
IND2026198,Spark
IND2026198,ETL
IND2026198,AWS
IND2026198,dbt
IND2026200,Agile
IND2026200,SQL
IND2026200,Excel
IND2026202,SQL
IND2026202,Power BI
IND2026202,Statistics
IND2026202,Python
IND2026203,AWS
IND2026203,Airflow
IND2026203,dbt
IND2026203,Spark
IND2026203,SQL
IND2026205,Tableau
IND2026205,SQL
IND2026205,Power BI
IND2026205,Data Visualization
IND2026205,Statistics
IND2026205,Excel
IND2026215,Excel
IND2026215,Power BI
IND2026215,Python
IND2026215,SQL
IND2026215,Data Visualization
IND2026215,Tableau
IND2026219,Deep Learning
IND2026219,TensorFlow
IND2026219,Machine Learning
IND2026219,Scikit-learn
IND2026219,Pandas
IND2026224,Excel
IND2026224,JIRA
IND2026224,Power BI
IND2026226,Statistics
IND2026226,SQL
IND2026226,Python
IND2026226,Excel
IND2026226,Data Visualization
IND2026228,Tableau
IND2026228,Pandas
IND2026228,Deep Learning
IND2026229,Machine Learning
IND2026229,Python
IND2026229,Statistics
IND2026229,NLP
IND2026229,Tableau
IND2026231,JIRA
IND2026231,Agile
IND2026231,Power BI
IND2026231,SQL
IND2026231,Excel
IND2026231,Requirements Gathering
IND2026238,dbt
IND2026238,AWS
IND2026238,SQL
IND2026238,Python
IND2026238,ETL
IND2026238,Airflow
IND2026242,Data Visualization
IND2026242,SQL
IND2026242,Excel
IND2026242,Tableau
IND2026242,Power BI
IND2026248,Statistics
IND2026248,TensorFlow
IND2026248,NLP
IND2026260,Pandas
IND2026260,Machine Learning
IND2026260,NLP
IND2026261,Scikit-learn
IND2026261,Statistics
IND2026261,NLP
IND2026261,Tableau
IND2026261,Pandas
IND2026261,TensorFlow
IND2026276,Kafka
IND2026276,SQL
IND2026276,dbt
IND2026277,SQL
IND2026277,ETL
IND2026277,Kafka
IND2026277,Spark
IND2026277,Python
IND2026295,SQL
IND2026295,Kafka
IND2026295,dbt
IND2026295,Airflow
IND2026295,ETL
IND2026295,Python
IND2026297,Power BI
IND2026297,Requirements Gathering
IND2026297,SQL
IND2026297,Agile
IND2026300,Python
IND2026300,Machine Learning
IND2026300,NLP
IND2026300,Tableau
IND2026300,Statistics
IND2026319,Python
IND2026319,Kafka
IND2026319,Spark
IND2026319,ETL
IND2026319,dbt
IND2026323,NLP
IND2026323,Pandas
IND2026323,Statistics
IND2026323,Machine Learning
IND2026337,Python
IND2026337,TensorFlow
IND2026337,Tableau
IND2026340,Machine Learning
IND2026340,SQL
IND2026340,NLP
IND2026340,Pandas
IND2026340,Tableau
IND2026342,NLP
IND2026342,Tableau
IND2026342,Python
IND2026342,TensorFlow
IND2026342,Pandas
IND2026342,SQL
IND2026346,Python
IND2026346,Statistics
IND2026346,Tableau
IND2026346,Scikit-learn
IND2026346,SQL
IND2026346,TensorFlow
IND2026348,Scikit-learn
IND2026348,Machine Learning
IND2026348,TensorFlow
IND2026348,Pandas
IND2026348,Deep Learning
IND2026348,Statistics
IND2026354,Python
IND2026354,Spark
IND2026354,SQL
IND2026354,ETL
IND2026354,AWS
IND2026366,Kafka
IND2026366,SQL
IND2026366,dbt
IND2026366,Airflow
IND2026366,AWS
IND2026373,Excel
IND2026373,Python
IND2026373,Tableau
IND2026373,Power BI
IND2026373,Data Visualization
IND2026373,Statistics
IND2026376,TensorFlow
IND2026376,NLP
IND2026376,Statistics
IND2026376,Python
IND2026379,SQL
IND2026379,Python
IND2026379,Excel
IND2026379,Data Visualization
IND2026379,Tableau
IND2026379,Power BI
IND2026383,Kafka
IND2026383,AWS
IND2026383,Python
IND2026383,dbt
IND2026383,Spark
IND2026383,ETL
IND2026387,Airflow
IND2026387,ETL
IND2026387,Python
IND2026387,AWS
IND2026391,Python
IND2026391,Scikit-learn
IND2026391,Statistics
IND2026391,SQL
IND2026392,Kafka
IND2026392,AWS
IND2026392,ETL
IND2026406,SQL
IND2026406,Power BI
IND2026406,Python
IND2026406,Statistics
IND2026411,Statistics
IND2026411,Tableau
IND2026411,Python
IND2026411,TensorFlow
IND2026411,Scikit-learn
IND2026411,Deep Learning
IND2026414,Power BI
IND2026414,Requirements Gathering
IND2026414,Agile
IND2026414,SQL
IND2026414,Excel
IND2026414,JIRA
IND2026416,Scikit-learn
IND2026416,TensorFlow
IND2026416,Python
IND2026416,Machine Learning
IND2026416,Tableau
IND2026416,Statistics
IND2026426,Statistics
IND2026426,Python
IND2026426,SQL
IND2026426,Data Visualization
IND2026426,Tableau
IND2026426,Power BI
IND2026429,SQL
IND2026429,Machine Learning
IND2026429,Pandas
IND2026429,Python
IND2026429,NLP
IND2026429,Deep Learning
IND2026448,dbt
IND2026448,ETL
IND2026448,Kafka
IND2026448,SQL
IND2026448,Python
IND2026458,Excel
IND2026458,Tableau
IND2026458,Power BI
IND2026458,Data Visualization
IND2026458,Statistics
IND2026462,dbt
IND2026462,Kafka
IND2026462,AWS
IND2026462,Spark
IND2026462,SQL
IND2026464,Power BI
IND2026464,Agile
IND2026464,Excel
IND2026467,Data Visualization
IND2026467,Tableau
IND2026467,Power BI
IND2026467,Statistics
IND2026467,Excel
IND2026473,Python
IND2026473,Kafka
IND2026473,Airflow
IND2026473,SQL
IND2026479,Scikit-learn
IND2026479,Machine Learning
IND2026479,Tableau
IND2026479,Python
IND2026479,SQL
IND2026479,TensorFlow
IND2026488,SQL
IND2026488,Deep Learning
IND2026488,Pandas
IND2026489,SQL
IND2026489,Power BI
IND2026489,Excel
IND2026491,Kafka
IND2026491,Airflow
IND2026491,dbt
IND2026491,Python
IND2026499,Pandas
IND2026499,Machine Learning
IND2026499,Deep Learning
IND2026503,Statistics
IND2026503,Power BI
IND2026503,Excel
IND2026509,Statistics
IND2026509,TensorFlow
IND2026509,NLP
IND2026509,Scikit-learn
IND2026509,Python
IND2026511,Power BI
IND2026511,SQL
IND2026511,Data Visualization
IND2026512,Agile
IND2026512,SQL
IND2026512,JIRA
IND2026521,SQL
IND2026521,JIRA
IND2026521,Agile
IND2026524,dbt
IND2026524,Airflow
IND2026524,ETL
IND2026529,Power BI
IND2026529,SQL
IND2026529,Data Visualization
IND2026531,Power BI
IND2026531,Statistics
IND2026531,Tableau
IND2026531,Data Visualization
IND2026531,SQL
IND2026531,Excel
IND2026541,dbt
IND2026541,AWS
IND2026541,SQL
IND2026550,Power BI
IND2026550,Agile
IND2026550,Requirements Gathering
IND2026555,Python
IND2026555,Tableau
IND2026555,Excel
IND2026555,Data Visualization
IND2026556,Requirements Gathering
IND2026556,Excel
IND2026556,SQL
IND2026560,TensorFlow
IND2026560,Python
IND2026560,Statistics
IND2026560,SQL
IND2026560,NLP
IND2026560,Machine Learning
IND2026565,SQL
IND2026565,Agile
IND2026565,Requirements Gathering
IND2026565,JIRA
IND2026565,Excel
IND2026565,Power BI
IND2026567,Spark
IND2026567,Airflow
IND2026567,Python
IND2026568,Requirements Gathering
IND2026568,Agile
IND2026568,JIRA
IND2026568,SQL
IND2026585,Power BI
IND2026585,Data Visualization
IND2026585,Python
IND2026598,Power BI
IND2026598,Python
IND2026598,Statistics
IND2026598,SQL
IND2026598,Data Visualization
IND2026605,Statistics
IND2026605,Power BI
IND2026605,Python
IND2026606,Data Visualization
IND2026606,Power BI
IND2026606,Tableau
IND2026606,Excel
IND2026606,Python
IND2026609,Tableau
IND2026609,Data Visualization
IND2026609,SQL
IND2026610,Power BI
IND2026610,Excel
IND2026610,SQL
IND2026610,Requirements Gathering
IND2026611,Tableau
IND2026611,SQL
IND2026611,Power BI
IND2026611,Excel
IND2026611,Statistics
IND2026612,dbt
IND2026612,SQL
IND2026612,Airflow
IND2026612,Kafka
IND2026612,Spark
IND2026612,AWS
IND2026615,Power BI
IND2026615,Statistics
IND2026615,Excel
IND2026626,Tableau
IND2026626,Pandas
IND2026626,Python
IND2026626,NLP
IND2026626,Deep Learning
IND2026626,Machine Learning
IND2026629,Python
IND2026629,Tableau
IND2026629,Statistics
IND2026630,Spark
IND2026630,Airflow
IND2026630,ETL
IND2026630,AWS
IND2026640,NLP
IND2026640,SQL
IND2026640,TensorFlow
IND2026640,Pandas
IND2026668,Python
IND2026668,Statistics
IND2026668,Machine Learning
IND2026668,Tableau
IND2026668,TensorFlow
IND2026674,Scikit-learn
IND2026674,TensorFlow
IND2026674,NLP
IND2026674,Tableau
IND2026678,Requirements Gathering
IND2026678,Excel
IND2026678,Power BI
IND2026684,Python
IND2026684,Kafka
IND2026684,dbt
IND2026684,ETL
IND2026684,SQL
IND2026687,Requirements Gathering
IND2026687,Excel
IND2026687,SQL
IND2026687,Power BI
IND2026697,Python
IND2026697,Power BI
IND2026697,Data Visualization
IND2026711,NLP
IND2026711,Machine Learning
IND2026711,SQL
IND2026711,Scikit-learn
IND2026721,Power BI
IND2026721,Requirements Gathering
IND2026721,Excel
IND2026721,SQL
IND2026721,Agile
IND2026733,Power BI
IND2026733,Agile
IND2026733,SQL
IND2026739,SQL
IND2026739,Data Visualization
IND2026739,Power BI
IND2026739,Excel
IND2026739,Statistics
IND2026749,Data Visualization
IND2026749,Excel
IND2026749,SQL
IND2026749,Tableau
IND2026749,Power BI
IND2026749,Python
IND2026752,Power BI
IND2026752,Excel
IND2026752,Agile
IND2026754,Excel
IND2026754,SQL
IND2026754,JIRA
IND2026754,Requirements Gathering
IND2026754,Agile
IND2026763,Statistics
IND2026763,Excel
IND2026763,Data Visualization
IND2026763,Tableau
IND2026763,Power BI
IND2026763,SQL
IND2026769,Python
IND2026769,Excel
IND2026769,Statistics
IND2026769,SQL
IND2026771,Power BI
IND2026771,JIRA
IND2026771,SQL
IND2026785,Kafka
IND2026785,Airflow
IND2026785,AWS
IND2026785,Spark
IND2026785,Python
IND2026788,SQL
IND2026788,Statistics
IND2026788,Power BI
IND2026800,Python
IND2026800,SQL
IND2026800,Data Visualization
IND2026800,Excel
IND2026800,Tableau
IND2026803,Tableau
IND2026803,SQL
IND2026803,Data Visualization
IND2026803,Python
IND2026803,Excel
IND2026803,Statistics
IND2026809,Tableau
IND2026809,TensorFlow
IND2026809,Scikit-learn
IND2026809,SQL
IND2026809,Machine Learning
IND2026816,ETL
IND2026816,Python
IND2026816,Spark
IND2026817,Airflow
IND2026817,AWS
IND2026817,Spark
IND2026821,Power BI
IND2026821,SQL
IND2026821,JIRA
IND2026821,Excel
IND2026821,Requirements Gathering
IND2026824,Agile
IND2026824,Power BI
IND2026824,Excel
IND2026824,SQL
IND2026824,Requirements Gathering
IND2026824,JIRA
IND2026852,SQL
IND2026852,Kafka
IND2026852,Python
IND2026867,Excel
IND2026867,SQL
IND2026867,Tableau
IND2026867,Power BI
IND2026867,Statistics
IND2026869,TensorFlow
IND2026869,Statistics
IND2026869,Python
IND2026872,Statistics
IND2026872,Data Visualization
IND2026872,Python
IND2026872,Tableau
IND2026872,Power BI
IND2026875,Excel
IND2026875,SQL
IND2026875,Data Visualization
IND2026875,Statistics
IND2026875,Python
IND2026875,Tableau
IND2026886,Deep Learning
IND2026886,Pandas
IND2026886,TensorFlow
IND2026886,Statistics
IND2026886,Machine Learning
IND2026886,Tableau
IND2026898,Deep Learning
IND2026898,Statistics
IND2026898,Python
IND2026898,Tableau
IND2026898,Pandas
IND2026898,SQL
IND2026915,JIRA
IND2026915,Power BI
IND2026915,SQL
IND2026915,Agile
IND2026925,SQL
IND2026925,Scikit-learn
IND2026925,Python
IND2026925,Deep Learning
IND2026936,Excel
IND2026936,Statistics
IND2026936,Python
IND2026936,Power BI
IND2026936,SQL
IND2026939,Tableau
IND2026939,Statistics
IND2026939,Data Visualization
IND2026939,SQL
IND2026950,Data Visualization
IND2026950,Excel
IND2026950,Python
IND2026950,Tableau
IND2026952,SQL
IND2026952,Data Visualization
IND2026952,Excel
IND2026952,Python
IND2026952,Power BI
IND2026952,Tableau
IND2026957,Power BI
IND2026957,Python
IND2026957,Excel
IND2026957,Tableau
IND2026964,Statistics
IND2026964,Tableau
IND2026964,SQL
IND2026964,Power BI
IND2026965,Pandas
IND2026965,Deep Learning
IND2026965,NLP
IND2026965,Scikit-learn
IND2026965,Statistics
IND2026966,Agile
IND2026966,Power BI
IND2026966,Requirements Gathering
IND2026966,JIRA
IND2026966,Excel
IND2026973,Statistics
IND2026973,Power BI
IND2026973,Tableau
IND2026973,Data Visualization
IND2026974,Spark
IND2026974,ETL
IND2026974,Python
IND2026974,Kafka
IND2026977,Power BI
IND2026977,Statistics
IND2026977,Excel
IND2026977,SQL
IND2026977,Data Visualization
IND2026984,Deep Learning
IND2026984,Pandas
IND2026984,Scikit-learn
IND2026984,Python
IND2026991,Excel
IND2026991,SQL
IND2026991,Python
IND2026991,Data Visualization
IND2026995,Scikit-learn
IND2026995,Python
IND2026995,TensorFlow
IND2026995,Statistics
IND2027012,dbt
IND2027012,SQL
IND2027012,AWS
IND2027012,Kafka
IND2027012,Spark
IND2027017,Deep Learning
IND2027017,Tableau
IND2027017,Machine Learning
IND2027018,Kafka
IND2027018,dbt
IND2027018,ETL
IND2027018,Python
IND2027018,Airflow
IND2027018,AWS
IND2027029,dbt
IND2027029,AWS
IND2027029,Spark
IND2027031,Power BI
IND2027031,Requirements Gathering
IND2027031,SQL
IND2027031,Excel
IND2027031,Agile
IND2027031,JIRA
IND2027034,NLP
IND2027034,SQL
IND2027034,TensorFlow
IND2027036,Machine Learning
IND2027036,Pandas
IND2027036,Statistics
IND2027046,AWS
IND2027046,ETL
IND2027046,Spark
IND2027046,dbt
IND2027046,Kafka
IND2027046,Python
IND2027050,Python
IND2027050,Data Visualization
IND2027050,Statistics
IND2027066,SQL
IND2027066,Agile
IND2027066,Power BI
IND2027066,Excel
IND2027066,JIRA
IND2027067,Airflow
IND2027067,Python
IND2027067,AWS
IND2027067,Spark
IND2027067,SQL
IND2027067,Kafka
IND2027070,Requirements Gathering
IND2027070,Agile
IND2027070,JIRA
IND2027070,Excel
IND2027083,Scikit-learn
IND2027083,NLP
IND2027083,Statistics
IND2027083,Tableau
IND2027085,Excel
IND2027085,Requirements Gathering
IND2027085,SQL
IND2027094,Spark
IND2027094,AWS
IND2027094,Airflow
IND2027094,Python
IND2027094,dbt
IND2027094,SQL
IND2027107,dbt
IND2027107,Airflow
IND2027107,Kafka
IND2027108,SQL
IND2027108,JIRA
IND2027108,Power BI
IND2027108,Excel
IND2027111,Agile
IND2027111,JIRA
IND2027111,Requirements Gathering
IND2027118,Power BI
IND2027118,SQL
IND2027118,Statistics
IND2027118,Python
IND2027118,Tableau
IND2027118,Excel
IND2027128,Statistics
IND2027128,Data Visualization
IND2027128,Power BI
IND2027138,Requirements Gathering
IND2027138,Agile
IND2027138,Power BI
IND2027142,Kafka
IND2027142,Spark
IND2027142,SQL
IND2027142,Python
IND2027142,Airflow
IND2027142,ETL
IND2027147,ETL
IND2027147,Python
IND2027147,AWS
IND2027147,Kafka
IND2027148,Statistics
IND2027148,TensorFlow
IND2027148,SQL
IND2027148,Pandas
IND2027163,Data Visualization
IND2027163,Python
IND2027163,Tableau
IND2027163,Power BI
IND2027165,Airflow
IND2027165,ETL
IND2027165,SQL
IND2027165,Python
IND2027165,Kafka
IND2027165,AWS
IND2027171,ETL
IND2027171,Airflow
IND2027171,SQL
IND2027171,Kafka
IND2027175,Excel
IND2027175,Data Visualization
IND2027175,Power BI
IND2027183,Statistics
IND2027183,Deep Learning
IND2027183,Python
IND2027183,SQL
IND2027189,Data Visualization
IND2027189,Tableau
IND2027189,Statistics
IND2027189,Python
IND2027189,Excel
IND2027202,Requirements Gathering
IND2027202,Agile
IND2027202,Power BI
IND2027207,Power BI
IND2027207,JIRA
IND2027207,Excel
IND2027207,SQL
IND2027208,Statistics
IND2027208,Power BI
IND2027208,SQL
IND2027208,Data Visualization
IND2027208,Python
IND2027208,Tableau
IND2027211,Tableau
IND2027211,Excel
IND2027211,Python
IND2027211,Power BI
IND2027213,ETL
IND2027213,SQL
IND2027213,dbt
IND2027217,Airflow
IND2027217,ETL
IND2027217,dbt
IND2027217,SQL
IND2027217,Spark
IND2027217,Kafka
IND2027219,Python
IND2027219,Statistics
IND2027219,SQL
IND2027219,Tableau
IND2027219,TensorFlow
IND2027219,Scikit-learn
IND2027220,Airflow
IND2027220,Spark
IND2027220,Kafka
IND2027220,ETL
IND2027220,AWS
IND2027222,Python
IND2027222,TensorFlow
IND2027222,SQL
IND2027222,Machine Learning
IND2027222,Scikit-learn
IND2027222,Statistics
IND2027226,SQL
IND2027226,Excel
IND2027226,Python
IND2027226,Statistics
IND2027226,Tableau
IND2027233,Scikit-learn
IND2027233,Pandas
IND2027233,Machine Learning
IND2027233,Statistics
IND2027233,NLP
IND2027243,Machine Learning
IND2027243,Scikit-learn
IND2027243,Pandas
IND2027243,Statistics
IND2027244,Tableau
IND2027244,Statistics
IND2027244,Power BI
IND2027244,Excel
IND2027244,Python
IND2027244,SQL
IND2027260,Data Visualization
IND2027260,Python
IND2027260,Statistics
IND2027260,Excel
IND2027260,Tableau
IND2027260,SQL
IND2027262,Deep Learning
IND2027262,NLP
IND2027262,SQL
IND2027262,Machine Learning
IND2027262,Python
IND2027262,TensorFlow
IND2027264,SQL
IND2027264,Power BI
IND2027264,Tableau
IND2027274,Excel
IND2027274,Power BI
IND2027274,Agile
IND2027274,Requirements Gathering
IND2027274,JIRA
IND2027274,SQL
IND2027295,Excel
IND2027295,JIRA
IND2027295,Agile
IND2027296,SQL
IND2027296,Agile
IND2027296,Excel
IND2027296,Requirements Gathering
IND2027296,Power BI
IND2027298,Statistics
IND2027298,Data Visualization
IND2027298,Tableau
IND2027298,SQL
IND2027299,Statistics
IND2027299,Python
IND2027299,Power BI
IND2027299,Data Visualization
IND2027299,Excel
IND2027299,SQL
IND2027302,Pandas
IND2027302,NLP
IND2027302,TensorFlow
IND2027317,Airflow
IND2027317,Python
IND2027317,Kafka
IND2027317,SQL
IND2027317,Spark
IND2027317,AWS
IND2027324,SQL
IND2027324,Kafka
IND2027324,Airflow
IND2027333,Data Visualization
IND2027333,SQL
IND2027333,Tableau
IND2027334,Statistics
IND2027334,Python
IND2027334,SQL
IND2027334,Data Visualization
IND2027334,Excel
IND2027334,Tableau
IND2027339,AWS
IND2027339,Python
IND2027339,dbt
IND2027346,Scikit-learn
IND2027346,Deep Learning
IND2027346,NLP
IND2027346,Pandas
IND2027346,Machine Learning
IND2027353,Power BI
IND2027353,SQL
IND2027353,Statistics
IND2027353,Excel
IND2027353,Python
IND2027353,Tableau
IND2027361,Tableau
IND2027361,Deep Learning
IND2027361,Pandas
IND2027361,Statistics
IND2027361,Machine Learning
IND2027369,Excel
IND2027369,SQL
IND2027369,Python
IND2027369,Tableau
IND2027369,Statistics
IND2027390,SQL
IND2027390,Power BI
IND2027390,JIRA
IND2027390,Requirements Gathering
IND2027390,Agile
IND2027390,Excel
IND2027396,Kafka
IND2027396,Python
IND2027396,ETL
IND2027396,AWS
IND2027396,dbt
IND2027396,Spark
IND2027397,NLP
IND2027397,Scikit-learn
IND2027397,Statistics
IND2027397,Machine Learning
IND2027404,Deep Learning
IND2027404,Python
IND2027404,NLP
IND2027404,SQL
IND2027404,Machine Learning
IND2027406,SQL
IND2027406,Statistics
IND2027406,Tableau
IND2027422,Excel
IND2027422,Power BI
IND2027422,Agile
IND2027422,JIRA
IND2027423,Requirements Gathering
IND2027423,Excel
IND2027423,Agile
IND2027423,Power BI
IND2027423,SQL
IND2027427,Kafka
IND2027427,ETL
IND2027427,AWS
IND2027427,SQL
IND2027433,Data Visualization
IND2027433,Python
IND2027433,Power BI
IND2027437,TensorFlow
IND2027437,Deep Learning
IND2027437,Pandas
IND2027437,SQL
IND2027437,NLP
IND2027437,Tableau
IND2027440,Requirements Gathering
IND2027440,Power BI
IND2027440,Excel
IND2027440,JIRA
IND2027444,SQL
IND2027444,Statistics
IND2027444,Python
IND2027446,Power BI
IND2027446,SQL
IND2027446,Excel
IND2027446,Statistics
IND2027446,Python
IND2027449,Statistics
IND2027449,SQL
IND2027449,Python
IND2027449,Tableau
IND2027449,NLP
IND2027451,Machine Learning
IND2027451,Deep Learning
IND2027451,SQL
IND2027467,SQL
IND2027467,NLP
IND2027467,Pandas
IND2027467,Statistics
IND2027473,SQL
IND2027473,ETL
IND2027473,dbt
IND2027473,Airflow
IND2027473,Python
IND2027475,Python
IND2027475,Statistics
IND2027475,Power BI
IND2027475,Data Visualization
IND2027477,JIRA
IND2027477,SQL
IND2027477,Excel
IND2027477,Requirements Gathering
IND2027477,Power BI
IND2027477,Agile
IND2027479,SQL
IND2027479,Requirements Gathering
IND2027479,Power BI
IND2027480,Data Visualization
IND2027480,Excel
IND2027480,Tableau
IND2027480,Statistics
IND2027480,Power BI
IND2027480,Python
IND2027488,Python
IND2027488,Statistics
IND2027488,Data Visualization
IND2027488,Tableau
IND2027488,Excel
IND2027488,Power BI
IND2027495,Airflow
IND2027495,ETL
IND2027495,SQL
IND2027495,dbt
IND2027495,Spark
IND2027495,AWS
IND2027513,NLP
IND2027513,Statistics
IND2027513,Scikit-learn
IND2027513,TensorFlow
IND2027521,NLP
IND2027521,Python
IND2027521,Tableau
IND2027521,Statistics
IND2027521,Deep Learning
IND2027521,Pandas
IND2027528,Requirements Gathering
IND2027528,Agile
IND2027528,Power BI
IND2027528,Excel
IND2027528,SQL
IND2027528,JIRA
IND2027533,Python
IND2027533,Tableau
IND2027533,Statistics
IND2027539,Agile
IND2027539,Excel
IND2027539,Power BI
IND2027539,SQL
IND2027545,Power BI
IND2027545,Tableau
IND2027545,Statistics
IND2027545,SQL
IND2027545,Excel
IND2027545,Data Visualization
IND2027556,Tableau
IND2027556,Statistics
IND2027556,SQL
IND2027556,Power BI
IND2027559,JIRA
IND2027559,Excel
IND2027559,Power BI
IND2027559,SQL
IND2027559,Requirements Gathering
IND2027559,Agile
IND2027568,Tableau
IND2027568,Python
IND2027568,Excel
IND2027568,Power BI
IND2027568,SQL
IND2027568,Statistics
IND2027571,Power BI
IND2027571,JIRA
IND2027571,SQL
IND2027571,Excel
IND2027571,Requirements Gathering
IND2027572,Kafka
IND2027572,ETL
IND2027572,Spark
IND2027572,SQL
IND2027572,dbt
IND2027572,AWS
IND2027575,Python
IND2027575,Statistics
IND2027575,Power BI
IND2027575,SQL
IND2027578,Data Visualization
IND2027578,Python
IND2027578,SQL
IND2027578,Excel
IND2027578,Tableau
IND2027586,Machine Learning
IND2027586,SQL
IND2027586,Deep Learning
IND2027586,Statistics
IND2027591,dbt
IND2027591,Airflow
IND2027591,SQL
IND2027591,Kafka
IND2027591,AWS
IND2027591,ETL
IND2027605,ETL
IND2027605,AWS
IND2027605,SQL
IND2027605,Airflow
IND2027608,Agile
IND2027608,JIRA
IND2027608,SQL
IND2027608,Excel
IND2027608,Power BI
IND2027608,Requirements Gathering
IND2027613,SQL
IND2027613,Python
IND2027613,Excel
IND2027613,Data Visualization
IND2027613,Power BI
IND2027623,Python
IND2027623,NLP
IND2027623,Deep Learning
IND2027623,Scikit-learn
IND2027624,Spark
IND2027624,Python
IND2027624,ETL
IND2027624,Kafka
IND2027624,dbt
IND2027624,SQL
IND2027627,Statistics
IND2027627,NLP
IND2027627,TensorFlow
IND2027627,Scikit-learn
IND2027627,Tableau
IND2027627,Python
IND2027635,Tableau
IND2027635,Power BI
IND2027635,Statistics
IND2027635,Python
IND2027643,Tableau
IND2027643,Statistics
IND2027643,SQL
IND2027643,Python
IND2027643,Excel
IND2027643,Data Visualization
IND2027647,Machine Learning
IND2027647,SQL
IND2027647,Tableau
IND2027647,Deep Learning
IND2027647,Scikit-learn
IND2027660,Power BI
IND2027660,SQL
IND2027660,Data Visualization
IND2027663,Python
IND2027663,ETL
IND2027663,dbt
IND2027670,TensorFlow
IND2027670,SQL
IND2027670,Scikit-learn
IND2027670,Machine Learning
IND2027670,Tableau
IND2027680,Excel
IND2027680,SQL
IND2027680,Requirements Gathering
IND2027694,Tableau
IND2027694,SQL
IND2027694,Power BI
IND2027694,Excel
IND2027694,Statistics
IND2027696,Statistics
IND2027696,SQL
IND2027696,Tableau
IND2027696,Machine Learning
IND2027700,JIRA
IND2027700,Agile
IND2027700,SQL
IND2027700,Excel
IND2027710,Statistics
IND2027710,Python
IND2027710,Tableau
IND2027710,SQL
IND2027715,Statistics
IND2027715,Scikit-learn
IND2027715,TensorFlow
IND2027715,Deep Learning
IND2027715,NLP
IND2027719,Kafka
IND2027719,Python
IND2027719,ETL
IND2027719,SQL
IND2027738,Scikit-learn
IND2027738,SQL
IND2027738,Statistics
IND2027739,Statistics
IND2027739,TensorFlow
IND2027739,NLP
IND2027739,Python
IND2027739,Scikit-learn
IND2027739,Tableau
IND2027749,Python
IND2027749,Statistics
IND2027749,Data Visualization
IND2027749,Power BI
IND2027755,Requirements Gathering
IND2027755,Excel
IND2027755,SQL
IND2027755,Agile
IND2027758,Python
IND2027758,Spark
IND2027758,dbt
IND2027758,Kafka
IND2027758,Airflow
IND2027758,AWS
IND2027767,NLP
IND2027767,Pandas
IND2027767,Machine Learning
IND2027767,Statistics
IND2027767,Scikit-learn
IND2027767,TensorFlow
IND2027772,Excel
IND2027772,Power BI
IND2027772,SQL
IND2027775,Pandas
IND2027775,TensorFlow
IND2027775,Python
IND2027776,TensorFlow
IND2027776,SQL
IND2027776,Python
IND2027781,Python
IND2027781,SQL
IND2027781,dbt
IND2027781,Kafka
IND2027781,ETL
IND2027781,Spark
IND2027788,Spark
IND2027788,AWS
IND2027788,Airflow
IND2027788,SQL
IND2027788,ETL
IND2027788,Kafka
IND2027792,SQL
IND2027792,Power BI
IND2027792,Requirements Gathering
IND2027795,SQL
IND2027795,Excel
IND2027795,Data Visualization
IND2027795,Python
IND2027798,Data Visualization
IND2027798,Statistics
IND2027798,SQL
IND2027798,Tableau
IND2027805,Excel
IND2027805,Python
IND2027805,Statistics
IND2027805,Tableau
IND2027812,Excel
IND2027812,Agile
IND2027812,JIRA
IND2027812,Power BI
IND2027812,SQL
IND2027813,SQL
IND2027813,Agile
IND2027813,JIRA
IND2027813,Requirements Gathering
IND2027814,Power BI
IND2027814,Agile
IND2027814,Requirements Gathering
IND2027814,JIRA
IND2027814,Excel
IND2027815,Tableau
IND2027815,Data Visualization
IND2027815,Statistics
IND2027815,SQL
IND2027815,Excel
IND2027819,Statistics
IND2027819,Deep Learning
IND2027819,NLP
IND2027819,Machine Learning
IND2027826,Agile
IND2027826,Excel
IND2027826,Requirements Gathering
IND2027826,JIRA
IND2027826,SQL
IND2027830,Power BI
IND2027830,Agile
IND2027830,JIRA
IND2027830,Excel
IND2027830,Requirements Gathering
IND2027830,SQL
IND2027834,Requirements Gathering
IND2027834,SQL
IND2027834,Agile
IND2027834,Power BI
IND2027836,Tableau
IND2027836,Statistics
IND2027836,Data Visualization
IND2027836,Python
IND2027842,SQL
IND2027842,Requirements Gathering
IND2027842,Power BI
IND2027842,Agile
IND2027842,JIRA
IND2027842,Excel
IND2027845,Deep Learning
IND2027845,Statistics
IND2027845,Python
IND2027846,Power BI
IND2027846,SQL
IND2027846,Excel
IND2027846,JIRA
IND2027854,Machine Learning
IND2027854,Statistics
IND2027854,Tableau
IND2027854,NLP
IND2027854,Pandas
IND2027857,Python
IND2027857,Deep Learning
IND2027857,Pandas
IND2027864,Deep Learning
IND2027864,Tableau
IND2027864,Machine Learning
IND2027864,NLP
IND2027872,Requirements Gathering
IND2027872,Excel
IND2027872,Agile
IND2027889,Requirements Gathering
IND2027889,Power BI
IND2027889,SQL
IND2027889,Excel
IND2027889,Agile
IND2027897,Python
IND2027897,NLP
IND2027897,Pandas
IND2027897,Scikit-learn
IND2027897,TensorFlow
IND2027897,SQL
IND2027898,Statistics
IND2027898,Power BI
IND2027898,Python
IND2027898,Data Visualization
IND2027898,SQL
IND2027898,Tableau
IND2027909,AWS
IND2027909,Python
IND2027909,dbt
IND2027909,Kafka
IND2027909,Spark
IND2027909,ETL
IND2027911,Excel
IND2027911,SQL
IND2027911,Agile
IND2027911,Power BI
IND2027915,Excel
IND2027915,Statistics
IND2027915,Power BI
IND2027915,Data Visualization
IND2027915,SQL
IND2027915,Tableau
IND2027929,Excel
IND2027929,Tableau
IND2027929,Data Visualization
IND2027929,Python
IND2027929,Statistics
IND2027940,Spark
IND2027940,dbt
IND2027940,Airflow
IND2027940,AWS
IND2027940,SQL
IND2027944,Pandas
IND2027944,Tableau
IND2027944,Python
IND2027944,SQL
IND2027944,Statistics
IND2027945,JIRA
IND2027945,Agile
IND2027945,Requirements Gathering
IND2027945,Excel
IND2027953,Excel
IND2027953,Power BI
IND2027953,SQL
IND2027953,Python
IND2027962,SQL
IND2027962,Agile
IND2027962,Excel
IND2027962,Power BI
IND2027962,JIRA
IND2027962,Requirements Gathering
IND2027965,Excel
IND2027965,SQL
IND2027965,JIRA
IND2027965,Requirements Gathering
IND2027965,Power BI
IND2027965,Agile
IND2027975,ETL
IND2027975,Python
IND2027975,Airflow
IND2027975,AWS
IND2027975,SQL
IND2027975,Spark
IND2027977,Deep Learning
IND2027977,Machine Learning
IND2027977,Statistics
IND2027977,Python
IND2027987,Airflow
IND2027987,Python
IND2027987,Spark
IND2027987,dbt
IND2027987,ETL
IND2027987,SQL
IND2027989,Spark
IND2027989,SQL
IND2027989,Kafka
IND2027989,Python
IND2027989,AWS
IND2027991,Statistics
IND2027991,Python
IND2027991,Power BI
IND2027991,Data Visualization
IND2027991,Tableau
IND2027992,ETL
IND2027992,Kafka
IND2027992,Python
IND2027994,Power BI
IND2027994,SQL
IND2027994,Data Visualization
IND2027994,Python
IND2027994,Tableau
IND2027994,Excel
IND2027999,Python
IND2027999,Statistics
IND2027999,Power BI
IND2028000,AWS
IND2028000,Airflow
IND2028000,Kafka
IND2028007,Requirements Gathering
IND2028007,SQL
IND2028007,Excel
IND2028007,JIRA
IND2028007,Power BI
IND2028010,Machine Learning
IND2028010,SQL
IND2028010,NLP
IND2028013,TensorFlow
IND2028013,Machine Learning
IND2028013,Pandas
IND2028013,Deep Learning
IND2028013,NLP
IND2028023,Excel
IND2028023,Power BI
IND2028023,Requirements Gathering
IND2028023,JIRA
IND2028023,Agile
IND2028023,SQL
IND2028027,dbt
IND2028027,SQL
IND2028027,Spark
IND2028027,Python
IND2028038,SQL
IND2028038,Statistics
IND2028038,Deep Learning
IND2028038,Python
IND2028038,Machine Learning
IND2028038,TensorFlow
IND2028040,Airflow
IND2028040,ETL
IND2028040,dbt
IND2028040,AWS
IND2028045,Python
IND2028045,SQL
IND2028045,Kafka
IND2028045,Airflow
IND2028050,Tableau
IND2028050,Power BI
IND2028050,Excel
IND2028054,Tableau
IND2028054,Python
IND2028054,SQL
IND2028054,Data Visualization
IND2028054,Excel
IND2028054,Power BI
IND2028055,dbt
IND2028055,Kafka
IND2028055,AWS
IND2028055,Spark
IND2028056,JIRA
IND2028056,Power BI
IND2028056,Agile
IND2028056,Requirements Gathering
IND2028056,Excel
IND2028056,SQL
IND2028069,SQL
IND2028069,Requirements Gathering
IND2028069,Power BI
IND2028069,Agile
IND2028069,Excel
IND2028083,Data Visualization
IND2028083,Statistics
IND2028083,Tableau
IND2028087,Scikit-learn
IND2028087,Statistics
IND2028087,TensorFlow
IND2028089,TensorFlow
IND2028089,Tableau
IND2028089,Statistics
IND2028089,SQL
IND2028089,Pandas
IND2028089,Deep Learning
IND2028097,Tableau
IND2028097,Data Visualization
IND2028097,SQL
IND2028097,Python
IND2028097,Power BI
IND2028100,Excel
IND2028100,Data Visualization
IND2028100,Statistics
IND2028100,SQL
IND2028100,Tableau
IND2028100,Power BI
IND2028112,SQL
IND2028112,Deep Learning
IND2028112,Pandas
IND2028112,TensorFlow
IND2028112,Statistics
IND2028118,Pandas
IND2028118,Scikit-learn
IND2028118,Statistics
IND2028118,Deep Learning
IND2028118,Machine Learning
IND2028118,TensorFlow
IND2028120,Agile
IND2028120,JIRA
IND2028120,Excel
IND2028130,Spark
IND2028130,Airflow
IND2028130,Python
IND2028130,ETL
IND2028132,SQL
IND2028132,Data Visualization
IND2028132,Excel
IND2028132,Python
IND2028132,Power BI
IND2028136,Excel
IND2028136,Agile
IND2028136,Requirements Gathering
IND2028136,Power BI
IND2028136,SQL
IND2028140,Statistics
IND2028140,TensorFlow
IND2028140,Tableau
IND2028140,Deep Learning
IND2028140,Python
IND2028140,Machine Learning
IND2028141,Scikit-learn
IND2028141,Statistics
IND2028141,NLP
IND2028141,Tableau
IND2028143,Power BI
IND2028143,Statistics
IND2028143,Tableau
IND2028144,JIRA
IND2028144,Requirements Gathering
IND2028144,Excel
IND2028144,SQL
IND2028144,Power BI
IND2028144,Agile
IND2028153,Python
IND2028153,Scikit-learn
IND2028153,Pandas
IND2028153,NLP
IND2028153,SQL
IND2028153,TensorFlow
IND2028155,SQL
IND2028155,Power BI
IND2028155,Python
IND2028155,Data Visualization
IND2028155,Statistics
IND2028155,Excel
IND2028156,Agile
IND2028156,Requirements Gathering
IND2028156,JIRA
IND2028156,Power BI
IND2028156,SQL
IND2028156,Excel
IND2028159,Power BI
IND2028159,Tableau
IND2028159,Python
IND2028162,Spark
IND2028162,dbt
IND2028162,Kafka
IND2028162,AWS
IND2028162,Airflow
IND2028170,JIRA
IND2028170,Agile
IND2028170,Requirements Gathering
IND2028170,Power BI
IND2028170,Excel
IND2028171,SQL
IND2028171,Tableau
IND2028171,Data Visualization
IND2028171,Power BI
IND2028172,Machine Learning
IND2028172,Statistics
IND2028172,Python
IND2028178,TensorFlow
IND2028178,Machine Learning
IND2028178,Python
IND2028181,Kafka
IND2028181,ETL
IND2028181,dbt
IND2028181,SQL
IND2028183,Requirements Gathering
IND2028183,Power BI
IND2028183,Agile
IND2028183,JIRA
IND2028185,Statistics
IND2028185,Power BI
IND2028185,SQL
IND2028185,Python
IND2028186,SQL
IND2028186,Pandas
IND2028186,Statistics
IND2028186,Python
IND2028186,NLP
IND2028187,SQL
IND2028187,Excel
IND2028187,Data Visualization
IND2028187,Power BI
IND2028187,Python
IND2028187,Tableau
IND2028191,Data Visualization
IND2028191,Power BI
IND2028191,Statistics
IND2028191,Tableau
IND2028196,Airflow
IND2028196,Spark
IND2028196,dbt
IND2028200,Kafka
IND2028200,Python
IND2028200,AWS
IND2028205,Python
IND2028205,Data Visualization
IND2028205,Power BI
IND2028205,Statistics
IND2028205,SQL
IND2028205,Excel
IND2028206,JIRA
IND2028206,SQL
IND2028206,Power BI
IND2028206,Excel
IND2028208,Tableau
IND2028208,SQL
IND2028208,Data Visualization
IND2028208,Statistics
IND2028223,Python
IND2028223,Scikit-learn
IND2028223,NLP
IND2028223,Statistics
IND2028223,TensorFlow
IND2028223,Pandas
IND2028238,Data Visualization
IND2028238,Statistics
IND2028238,SQL
IND2028238,Tableau
IND2028238,Python
IND2028246,JIRA
IND2028246,Requirements Gathering
IND2028246,Power BI
IND2028248,SQL
IND2028248,Excel
IND2028248,Python
IND2028248,Data Visualization
IND2028253,SQL
IND2028253,JIRA
IND2028253,Power BI
IND2028253,Requirements Gathering
IND2028253,Agile
IND2028253,Excel
IND2028258,Python
IND2028258,dbt
IND2028258,ETL
IND2028258,Spark
IND2028258,Kafka
IND2028258,Airflow
IND2028259,SQL
IND2028259,Tableau
IND2028259,Python
IND2028259,Power BI
IND2028263,Data Visualization
IND2028263,Python
IND2028263,Power BI
IND2028263,Excel
IND2028266,Python
IND2028266,Tableau
IND2028266,Power BI
IND2028266,Statistics
IND2028266,Excel
IND2028269,AWS
IND2028269,Spark
IND2028269,SQL
IND2028269,Airflow
IND2028269,Python
IND2028269,ETL
IND2028275,Data Visualization
IND2028275,SQL
IND2028275,Excel
IND2028275,Power BI
IND2028279,Python
IND2028279,Airflow
IND2028279,Spark
IND2028279,ETL
IND2028279,SQL
IND2028283,SQL
IND2028283,Tableau
IND2028283,Excel
IND2028283,Statistics
IND2028283,Data Visualization
IND2028283,Power BI
IND2028298,Data Visualization
IND2028298,Power BI
IND2028298,SQL
IND2028298,Excel
IND2028304,Requirements Gathering
IND2028304,SQL
IND2028304,JIRA
IND2028304,Power BI
IND2028304,Excel
IND2028306,Statistics
IND2028306,Python
IND2028306,Deep Learning
IND2028306,Scikit-learn
IND2028312,Statistics
IND2028312,Excel
IND2028312,Tableau
IND2028312,Power BI
IND2028312,Python
IND2028318,Pandas
IND2028318,Python
IND2028318,TensorFlow
IND2028318,Machine Learning
IND2028318,Statistics
IND2028341,Excel
IND2028341,Data Visualization
IND2028341,Statistics
IND2028342,TensorFlow
IND2028342,Statistics
IND2028342,Scikit-learn
IND2028342,Python
IND2028342,Pandas
IND2028345,Data Visualization
IND2028345,Excel
IND2028345,SQL
IND2028345,Tableau
IND2028345,Power BI
IND2028347,SQL
IND2028347,Power BI
IND2028347,Statistics
IND2028347,Excel
IND2028353,TensorFlow
IND2028353,Machine Learning
IND2028353,SQL
IND2028358,Excel
IND2028358,Agile
IND2028358,SQL
IND2028358,Requirements Gathering
IND2028358,Power BI
IND2028361,Agile
IND2028361,Power BI
IND2028361,JIRA
IND2028361,Excel
IND2028367,Spark
IND2028367,Kafka
IND2028367,dbt
IND2028369,Tableau
IND2028369,Deep Learning
IND2028369,Machine Learning
IND2028369,NLP
IND2028374,Pandas
IND2028374,Statistics
IND2028374,NLP
IND2028380,Power BI
IND2028380,SQL
IND2028380,Excel
IND2028380,Statistics
IND2028383,Requirements Gathering
IND2028383,Power BI
IND2028383,JIRA
IND2028384,Tableau
IND2028384,Scikit-learn
IND2028384,Statistics
IND2028384,TensorFlow
IND2028384,SQL
IND2028384,Machine Learning
IND2028386,SQL
IND2028386,Excel
IND2028386,Power BI
IND2028386,Data Visualization
IND2028386,Statistics
IND2028396,Statistics
IND2028396,Power BI
IND2028396,Data Visualization
IND2028396,SQL
IND2028396,Excel
IND2028398,Requirements Gathering
IND2028398,Agile
IND2028398,Excel
IND2028398,JIRA
IND2028398,Power BI
IND2028403,NLP
IND2028403,TensorFlow
IND2028403,Deep Learning
IND2028403,SQL
IND2028403,Python
IND2028403,Tableau
IND2028404,Machine Learning
IND2028404,TensorFlow
IND2028404,Pandas
IND2028404,Scikit-learn
IND2028404,Python
IND2028409,SQL
IND2028409,Spark
IND2028409,Airflow
IND2028411,Power BI
IND2028411,Statistics
IND2028411,Data Visualization
IND2028415,Tableau
IND2028415,NLP
IND2028415,TensorFlow
IND2028415,Machine Learning
IND2028415,Pandas
IND2028415,Python
IND2028416,Excel
IND2028416,Requirements Gathering
IND2028416,SQL
IND2028416,Agile
IND2028420,Power BI
IND2028420,Statistics
IND2028420,Data Visualization
IND2028420,SQL
IND2028423,Spark
IND2028423,Kafka
IND2028423,Airflow
IND2028423,SQL
IND2028424,SQL
IND2028424,JIRA
IND2028424,Agile
IND2028424,Power BI
IND2028424,Requirements Gathering
IND2028424,Excel
IND2028441,Pandas
IND2028441,Scikit-learn
IND2028441,Machine Learning
IND2028441,Statistics
IND2028442,Deep Learning
IND2028442,Tableau
IND2028442,TensorFlow
IND2028444,Agile
IND2028444,Excel
IND2028444,Requirements Gathering
IND2028444,Power BI
IND2028444,JIRA
IND2028444,SQL
IND2028446,Tableau
IND2028446,NLP
IND2028446,Statistics
IND2028446,Deep Learning
IND2028453,Spark
IND2028453,Python
IND2028453,Kafka
IND2028454,Agile
IND2028454,Excel
IND2028454,Power BI
IND2028454,Requirements Gathering
IND2028454,SQL
IND2028469,SQL
IND2028469,JIRA
IND2028469,Agile
IND2028477,SQL
IND2028477,Statistics
IND2028477,Excel
IND2028477,Data Visualization
IND2028494,Excel
IND2028494,Agile
IND2028494,JIRA
IND2028498,Airflow
IND2028498,SQL
IND2028498,AWS
IND2028498,dbt
IND2028498,ETL
IND2028498,Spark
IND2028499,AWS
IND2028499,Python
IND2028499,SQL
IND2028499,Spark
IND2028510,Machine Learning
IND2028510,Statistics
IND2028510,NLP
IND2028510,Pandas
IND2028512,Statistics
IND2028512,NLP
IND2028512,Tableau
IND2028512,Pandas
IND2028512,TensorFlow
IND2028518,Pandas
IND2028518,Tableau
IND2028518,Python
IND2028518,Scikit-learn
IND2028518,Statistics
IND2028521,Spark
IND2028521,ETL
IND2028521,dbt
IND2028521,Kafka
IND2028526,Power BI
IND2028526,Data Visualization
IND2028526,Excel
IND2028526,SQL
IND2028534,Python
IND2028534,Power BI
IND2028534,Tableau
IND2028534,SQL
IND2028534,Excel
IND2028545,ETL
IND2028545,Spark
IND2028545,Airflow
IND2028545,dbt
IND2028553,SQL
IND2028553,JIRA
IND2028553,Agile
IND2028553,Requirements Gathering
IND2028553,Power BI
IND2028554,Python
IND2028554,Excel
IND2028554,Statistics
IND2028554,Power BI
IND2028572,Kafka
IND2028572,Airflow
IND2028572,Spark
IND2028572,AWS
IND2028577,Tableau
IND2028577,Python
IND2028577,Statistics
IND2028577,Excel
IND2028577,Data Visualization
IND2028577,Power BI
IND2028580,Statistics
IND2028580,Data Visualization
IND2028580,Python
IND2028580,Excel
IND2028586,Power BI
IND2028586,Excel
IND2028586,Requirements Gathering
IND2028586,Agile
IND2028586,JIRA
IND2028586,SQL
IND2028588,Tableau
IND2028588,NLP
IND2028588,Scikit-learn
IND2028588,Python
IND2028588,Deep Learning
IND2028588,Statistics
IND2028604,SQL
IND2028604,Data Visualization
IND2028604,Power BI
IND2028618,SQL
IND2028618,Requirements Gathering
IND2028618,Agile
IND2028618,Excel
IND2028627,Python
IND2028627,Statistics
IND2028627,Tableau
IND2028627,NLP
IND2028629,Data Visualization
IND2028629,Excel
IND2028629,SQL
IND2028630,Statistics
IND2028630,Machine Learning
IND2028630,Tableau
IND2028630,NLP
IND2028632,SQL
IND2028632,Power BI
IND2028632,Data Visualization
IND2028650,Data Visualization
IND2028650,Power BI
IND2028650,Excel
IND2028650,Statistics
IND2028650,Tableau
IND2028654,Tableau
IND2028654,Power BI
IND2028654,Data Visualization
IND2028654,SQL
IND2028657,Deep Learning
IND2028657,NLP
IND2028657,TensorFlow
IND2028657,Python
IND2028657,Tableau
IND2028671,TensorFlow
IND2028671,Tableau
IND2028671,Python
IND2028671,NLP
IND2028671,Scikit-learn
IND2028677,Excel
IND2028677,JIRA
IND2028677,Agile
IND2028677,Power BI
IND2028677,Requirements Gathering
IND2028683,Excel
IND2028683,Data Visualization
IND2028683,Python
IND2028683,Power BI
IND2028688,Deep Learning
IND2028688,Scikit-learn
IND2028688,Pandas
IND2028692,Kafka
IND2028692,AWS
IND2028692,Airflow
IND2028694,Deep Learning
IND2028694,Scikit-learn
IND2028694,SQL
IND2028694,Python
IND2028694,Machine Learning
IND2028703,AWS
IND2028703,ETL
IND2028703,dbt
IND2028716,SQL
IND2028716,Statistics
IND2028716,Tableau
IND2028716,Power BI
IND2028726,Requirements Gathering
IND2028726,Excel
IND2028726,JIRA
IND2028732,Kafka
IND2028732,dbt
IND2028732,Spark
IND2028732,SQL
IND2028732,Python
IND2028736,Tableau
IND2028736,TensorFlow
IND2028736,NLP
IND2028737,Python
IND2028737,Pandas
IND2028737,Statistics
IND2028737,Machine Learning
IND2028737,SQL
IND2028739,AWS
IND2028739,Kafka
IND2028739,dbt
IND2028741,Data Visualization
IND2028741,Tableau
IND2028741,Excel
IND2028741,SQL
IND2028746,Tableau
IND2028746,Statistics
IND2028746,NLP
IND2028746,Deep Learning
IND2028746,Scikit-learn
IND2028755,Tableau
IND2028755,Machine Learning
IND2028755,Statistics
IND2028755,Pandas
IND2028756,Requirements Gathering
IND2028756,Power BI
IND2028756,SQL
IND2028756,JIRA
IND2028756,Agile
IND2028756,Excel
IND2028760,Excel
IND2028760,Requirements Gathering
IND2028760,JIRA
IND2028760,SQL
IND2028760,Agile
IND2028763,Python
IND2028763,Data Visualization
IND2028763,SQL
IND2028763,Statistics
IND2028763,Tableau
IND2028763,Excel
IND2028768,SQL
IND2028768,Agile
IND2028768,Excel
IND2028775,Excel
IND2028775,SQL
IND2028775,Agile
IND2028775,JIRA
IND2028775,Requirements Gathering
IND2028775,Power BI
IND2028780,Pandas
IND2028780,Statistics
IND2028780,NLP
IND2028780,Machine Learning
IND2028780,Tableau
IND2028784,Tableau
IND2028784,Scikit-learn
IND2028784,Pandas
IND2028788,Requirements Gathering
IND2028788,Excel
IND2028788,SQL
IND2028788,Agile
IND2028794,SQL
IND2028794,AWS
IND2028794,Kafka
IND2028794,Airflow
IND2028797,NLP
IND2028797,Python
IND2028797,Machine Learning
IND2028797,Scikit-learn
IND2028797,SQL
IND2028798,SQL
IND2028798,Airflow
IND2028798,AWS
IND2028798,Kafka
IND2028798,ETL
IND2028805,Power BI
IND2028805,Statistics
IND2028805,SQL
IND2028805,Data Visualization
IND2028816,SQL
IND2028816,Requirements Gathering
IND2028816,Agile
IND2028816,JIRA
IND2028816,Excel
IND2028819,JIRA
IND2028819,Requirements Gathering
IND2028819,Excel
IND2028819,Agile
IND2028819,SQL
IND2028824,Tableau
IND2028824,Pandas
IND2028824,Statistics
IND2028824,NLP
IND2028824,Machine Learning
IND2028824,SQL
IND2028826,Excel
IND2028826,Power BI
IND2028826,JIRA
IND2028826,Requirements Gathering
IND2028826,Agile
IND2028833,Excel
IND2028833,Power BI
IND2028833,Agile
IND2028833,SQL
IND2028833,JIRA
IND2028833,Requirements Gathering
IND2028836,SQL
IND2028836,Tableau
IND2028836,Excel
IND2028846,Kafka
IND2028846,SQL
IND2028846,Spark
IND2028846,ETL
IND2028846,Python
IND2028846,dbt
IND2028847,SQL
IND2028847,Tableau
IND2028847,Data Visualization
IND2028855,Deep Learning
IND2028855,Pandas
IND2028855,Scikit-learn
IND2028861,Airflow
IND2028861,Python
IND2028861,SQL
IND2028861,Kafka
IND2028867,SQL
IND2028867,Statistics
IND2028867,Tableau
IND2028867,Python
IND2028867,Data Visualization
IND2028878,Python
IND2028878,NLP
IND2028878,Deep Learning
IND2028878,TensorFlow
IND2028878,Scikit-learn
IND2028883,Tableau
IND2028883,SQL
IND2028883,Python
IND2028883,Excel
IND2028883,Power BI
IND2028883,Statistics
IND2028884,TensorFlow
IND2028884,Tableau
IND2028884,Machine Learning
IND2028884,Deep Learning
IND2028884,Scikit-learn
IND2028884,NLP
IND2028885,Spark
IND2028885,AWS
IND2028885,dbt
IND2028885,Airflow
IND2028889,Agile
IND2028889,Requirements Gathering
IND2028889,SQL
IND2028889,JIRA
IND2028905,JIRA
IND2028905,Requirements Gathering
IND2028905,Agile
IND2028905,Excel
IND2028905,Power BI
IND2028913,TensorFlow
IND2028913,Tableau
IND2028913,Deep Learning
IND2028913,Machine Learning
IND2028913,Python
IND2028926,Statistics
IND2028926,Excel
IND2028926,Data Visualization
IND2028926,SQL
IND2028926,Power BI
IND2028929,TensorFlow
IND2028929,Tableau
IND2028929,NLP
IND2028929,SQL
IND2028931,Statistics
IND2028931,TensorFlow
IND2028931,SQL
IND2028943,Power BI
IND2028943,Statistics
IND2028943,SQL
IND2028955,Deep Learning
IND2028955,Statistics
IND2028955,TensorFlow
IND2028969,Requirements Gathering
IND2028969,Power BI
IND2028969,SQL
IND2028973,Statistics
IND2028973,Tableau
IND2028973,Python
IND2028976,Excel
IND2028976,Python
IND2028976,Tableau
IND2028976,Power BI
IND2028976,Statistics
IND2028986,Scikit-learn
IND2028986,Machine Learning
IND2028986,Statistics
IND2028986,Tableau
IND2028988,SQL
IND2028988,Tableau
IND2028988,Machine Learning
IND2029003,Power BI
IND2029003,Data Visualization
IND2029003,SQL
IND2029003,Statistics
IND2029003,Excel
IND2029018,Python
IND2029018,NLP
IND2029018,Tableau
IND2029018,Pandas
IND2029018,TensorFlow
IND2029019,Agile
IND2029019,Excel
IND2029019,Requirements Gathering
IND2029020,Airflow
IND2029020,SQL
IND2029020,dbt
IND2029020,ETL
IND2029020,Kafka
IND2029020,AWS
IND2029024,Power BI
IND2029024,Agile
IND2029024,Requirements Gathering
IND2029024,SQL
IND2029024,Excel
IND2029024,JIRA
IND2029032,Airflow
IND2029032,SQL
IND2029032,dbt
IND2029045,Deep Learning
IND2029045,Tableau
IND2029045,Machine Learning
IND2029045,Scikit-learn
IND2029045,Python
IND2029045,Statistics
IND2029052,SQL
IND2029052,Requirements Gathering
IND2029052,JIRA
IND2029057,JIRA
IND2029057,Agile
IND2029057,SQL
IND2029057,Power BI
IND2029059,NLP
IND2029059,Tableau
IND2029059,Pandas
IND2029059,Statistics
IND2029061,Kafka
IND2029061,SQL
IND2029061,Spark
IND2029070,Statistics
IND2029070,SQL
IND2029070,Tableau
IND2029070,Data Visualization
IND2029070,Power BI
IND2029070,Excel
IND2029071,AWS
IND2029071,Airflow
IND2029071,dbt
IND2029071,Spark
IND2029071,Kafka
IND2029073,JIRA
IND2029073,SQL
IND2029073,Agile
IND2029073,Requirements Gathering
IND2029073,Excel
IND2029073,Power BI
IND2029079,Agile
IND2029079,Power BI
IND2029079,Requirements Gathering
IND2029091,Statistics
IND2029091,Power BI
IND2029091,Data Visualization
IND2029095,Kafka
IND2029095,ETL
IND2029095,SQL
IND2029095,AWS
IND2029095,Python
IND2029097,Excel
IND2029097,SQL
IND2029097,Requirements Gathering
IND2029097,Power BI
IND2029097,Agile
IND2029097,JIRA
IND2029101,Data Visualization
IND2029101,Power BI
IND2029101,Python
IND2029104,SQL
IND2029104,Data Visualization
IND2029104,Power BI
IND2029104,Tableau
IND2029107,Python
IND2029107,Machine Learning
IND2029107,Pandas
IND2029107,Statistics
IND2029107,Scikit-learn
IND2029107,SQL
IND2029131,Scikit-learn
IND2029131,Deep Learning
IND2029131,Statistics
IND2029131,NLP
IND2029131,Pandas
IND2029131,TensorFlow
IND2029135,ETL
IND2029135,Spark
IND2029135,dbt
IND2029137,Power BI
IND2029137,Tableau
IND2029137,Data Visualization
IND2029138,Statistics
IND2029138,SQL
IND2029138,Excel
IND2029146,Kafka
IND2029146,AWS
IND2029146,Spark
IND2029146,Airflow
IND2029146,dbt
IND2029146,Python
IND2029150,Python
IND2029150,Tableau
IND2029150,Power BI
IND2029150,Data Visualization
IND2029155,Power BI
IND2029155,Requirements Gathering
IND2029155,Agile
IND2029155,SQL
IND2029156,Python
IND2029156,ETL
IND2029156,Spark
IND2029156,AWS
IND2029156,dbt
IND2029171,Python
IND2029171,Statistics
IND2029171,NLP
IND2029171,Machine Learning
IND2029171,Tableau
IND2029171,Pandas
IND2029179,AWS
IND2029179,SQL
IND2029179,Airflow
IND2029180,Requirements Gathering
IND2029180,SQL
IND2029180,Power BI
IND2029180,Excel
IND2029180,JIRA
IND2029180,Agile
IND2029188,AWS
IND2029188,Spark
IND2029188,ETL
IND2029197,SQL
IND2029197,Power BI
IND2029197,Statistics
IND2029201,AWS
IND2029201,dbt
IND2029201,Airflow
IND2029201,ETL
IND2029201,Kafka
IND2029203,Tableau
IND2029203,Power BI
IND2029203,Statistics
IND2029203,Python
IND2029203,SQL
IND2029217,Requirements Gathering
IND2029217,Power BI
IND2029217,JIRA
IND2029231,Power BI
IND2029231,Excel
IND2029231,Python
IND2029231,Tableau
IND2029235,Excel
IND2029235,JIRA
IND2029235,SQL
IND2029237,Power BI
IND2029237,Data Visualization
IND2029237,SQL
IND2029253,Requirements Gathering
IND2029253,JIRA
IND2029253,Excel
IND2029266,SQL
IND2029266,Spark
IND2029266,dbt
IND2029266,Python
IND2029266,Kafka
IND2029266,ETL
IND2029274,Statistics
IND2029274,Scikit-learn
IND2029274,TensorFlow
IND2029274,Python
IND2029274,Machine Learning
IND2029274,NLP
IND2029282,Data Visualization
IND2029282,Power BI
IND2029282,Python
IND2029290,Excel
IND2029290,SQL
IND2029290,Power BI
IND2029290,JIRA
IND2029290,Agile
IND2029294,Airflow
IND2029294,SQL
IND2029294,Spark
IND2029294,AWS
IND2029294,dbt
IND2029294,ETL
IND2029297,JIRA
IND2029297,Power BI
IND2029297,SQL
IND2029297,Excel
IND2029297,Requirements Gathering
IND2029297,Agile
IND2029311,Kafka
IND2029311,SQL
IND2029311,ETL
IND2029312,Excel
IND2029312,Python
IND2029312,Statistics
IND2029323,Excel
IND2029323,SQL
IND2029323,Agile
IND2029323,Power BI
IND2029324,SQL
IND2029324,Tableau
IND2029324,Excel
IND2029324,Power BI
IND2029324,Data Visualization
IND2029324,Python
IND2029334,Statistics
IND2029334,TensorFlow
IND2029334,Machine Learning
IND2029338,Kafka
IND2029338,Airflow
IND2029338,dbt
IND2029338,SQL
IND2029338,Python
IND2029338,Spark
IND2029343,JIRA
IND2029343,Agile
IND2029343,Power BI
IND2029343,Excel
IND2029347,Power BI
IND2029347,SQL
IND2029347,Statistics
IND2029347,Tableau
IND2029347,Python
IND2029354,NLP
IND2029354,Scikit-learn
IND2029354,Statistics
IND2029361,Statistics
IND2029361,Machine Learning
IND2029361,Tableau
IND2029361,Deep Learning
IND2029361,SQL
IND2029363,Kafka
IND2029363,dbt
IND2029363,AWS
IND2029363,Python
IND2029365,Tableau
IND2029365,Python
IND2029365,Statistics
IND2029379,Pandas
IND2029379,Deep Learning
IND2029379,SQL
IND2029379,Machine Learning
IND2029379,TensorFlow
IND2029381,TensorFlow
IND2029381,Scikit-learn
IND2029381,NLP
IND2029381,Deep Learning
IND2029381,Tableau
IND2029381,SQL
IND2029392,JIRA
IND2029392,SQL
IND2029392,Agile
IND2029394,NLP
IND2029394,Deep Learning
IND2029394,Statistics
IND2029394,Machine Learning
IND2029394,TensorFlow
IND2029394,Scikit-learn
IND2029395,Excel
IND2029395,Requirements Gathering
IND2029395,JIRA
IND2029395,Agile
IND2029395,Power BI
IND2029397,Kafka
IND2029397,Airflow
IND2029397,Spark
IND2029401,Python
IND2029401,AWS
IND2029401,Spark
IND2029401,ETL
IND2029401,SQL
IND2029401,dbt
IND2029407,Power BI
IND2029407,Python
IND2029407,SQL
IND2029409,Excel
IND2029409,Power BI
IND2029409,JIRA
IND2029409,Requirements Gathering
IND2029409,SQL
IND2029409,Agile
IND2029415,Python
IND2029415,Tableau
IND2029415,Power BI
IND2029415,Data Visualization
IND2029415,Excel
IND2029415,SQL
IND2029423,Tableau
IND2029423,Data Visualization
IND2029423,Python
IND2029423,SQL
IND2029425,ETL
IND2029425,SQL
IND2029425,Airflow
IND2029425,Spark
IND2029425,Python
IND2029425,AWS
IND2029426,SQL
IND2029426,Power BI
IND2029426,JIRA
IND2029426,Excel
IND2029426,Agile
IND2029431,SQL
IND2029431,Excel
IND2029431,Power BI
IND2029431,JIRA
IND2029431,Agile
IND2029433,Requirements Gathering
IND2029433,SQL
IND2029433,Agile
IND2029433,JIRA
IND2029433,Excel
IND2029441,Power BI
IND2029441,Statistics
IND2029441,Tableau
IND2029441,Excel
IND2029441,Data Visualization
IND2029443,SQL
IND2029443,Requirements Gathering
IND2029443,JIRA
IND2029443,Power BI
IND2029443,Agile
IND2029452,Statistics
IND2029452,Excel
IND2029452,Tableau
IND2029452,Data Visualization
IND2029452,Power BI
IND2029452,Python
IND2029455,Kafka
IND2029455,Python
IND2029455,Airflow
IND2029455,ETL
IND2029460,Data Visualization
IND2029460,Tableau
IND2029460,Excel
IND2029460,SQL
IND2029466,SQL
IND2029466,NLP
IND2029466,Scikit-learn
IND2029470,Python
IND2029470,Statistics
IND2029470,Deep Learning
IND2029470,SQL
IND2029477,SQL
IND2029477,Excel
IND2029477,Tableau
IND2029477,Data Visualization
IND2029479,Data Visualization
IND2029479,Python
IND2029479,Tableau
IND2029479,SQL
IND2029480,SQL
IND2029480,Python
IND2029480,Data Visualization
IND2029480,Excel
IND2029480,Statistics
IND2029485,Requirements Gathering
IND2029485,Power BI
IND2029485,SQL
IND2029485,Agile
IND2029485,JIRA
IND2029489,Machine Learning
IND2029489,Tableau
IND2029489,Scikit-learn
IND2029489,NLP
IND2029491,SQL
IND2029491,Statistics
IND2029491,Excel
IND2029491,Power BI
IND2029491,Python
IND2029491,Data Visualization
IND2029504,Statistics
IND2029504,TensorFlow
IND2029504,NLP
IND2029504,Python
IND2029504,Machine Learning
IND2029511,Power BI
IND2029511,Data Visualization
IND2029511,Excel
IND2029511,Tableau
IND2029511,Statistics
IND2029511,SQL
IND2029519,Python
IND2029519,AWS
IND2029519,Airflow
IND2029519,Spark
IND2029519,ETL
IND2029519,dbt
IND2029528,SQL
IND2029528,Excel
IND2029528,Tableau
IND2029528,Power BI
IND2029528,Data Visualization
IND2029534,JIRA
IND2029534,SQL
IND2029534,Excel
IND2029540,Data Visualization
IND2029540,Statistics
IND2029540,Tableau
IND2029540,SQL
IND2029540,Python
IND2029540,Power BI
IND2029548,Agile
IND2029548,JIRA
IND2029548,Power BI
IND2029548,SQL
IND2029551,Python
IND2029551,Data Visualization
IND2029551,Tableau
IND2029551,SQL
IND2029551,Statistics
IND2029557,Excel
IND2029557,Power BI
IND2029557,Agile
IND2029557,Requirements Gathering
IND2029557,JIRA
IND2029557,SQL
IND2029560,Python
IND2029560,SQL
IND2029560,Data Visualization
IND2029560,Tableau
IND2029560,Power BI
IND2029560,Statistics
IND2029565,Power BI
IND2029565,SQL
IND2029565,Tableau
IND2029565,Python
IND2029565,Data Visualization
IND2029568,NLP
IND2029568,SQL
IND2029568,Scikit-learn
IND2029568,Machine Learning
IND2029575,Data Visualization
IND2029575,SQL
IND2029575,Excel
IND2029575,Statistics
IND2029575,Python
IND2029575,Tableau
IND2029576,SQL
IND2029576,Airflow
IND2029576,Kafka
IND2029578,AWS
IND2029578,dbt
IND2029578,SQL
IND2029578,ETL
IND2029578,Kafka
IND2029578,Airflow
IND2029584,Python
IND2029584,Excel
IND2029584,SQL
IND2029588,SQL
IND2029588,Tableau
IND2029588,Power BI
IND2029588,Statistics
IND2029588,Excel
IND2029589,Airflow
IND2029589,Spark
IND2029589,SQL
IND2029589,dbt
IND2029596,Agile
IND2029596,SQL
IND2029596,Excel
IND2029596,JIRA
IND2029596,Requirements Gathering
IND2029596,Power BI
IND2029601,AWS
IND2029601,Python
IND2029601,ETL
IND2029607,Python
IND2029607,Statistics
IND2029607,Data Visualization
IND2029614,dbt
IND2029614,ETL
IND2029614,Kafka
IND2029614,SQL
IND2029619,Scikit-learn
IND2029619,TensorFlow
IND2029619,Pandas
IND2029619,SQL
IND2029619,Tableau
IND2029625,Spark
IND2029625,dbt
IND2029625,ETL
IND2029643,Power BI
IND2029643,JIRA
IND2029643,Requirements Gathering
IND2029643,Agile
IND2029643,SQL
IND2029643,Excel
IND2029648,Requirements Gathering
IND2029648,Excel
IND2029648,JIRA
IND2029654,dbt
IND2029654,SQL
IND2029654,Airflow
IND2029654,Python
IND2029654,Kafka
IND2029654,ETL
IND2029660,Requirements Gathering
IND2029660,Agile
IND2029660,Excel
IND2029666,SQL
IND2029666,Agile
IND2029666,Requirements Gathering
IND2029666,Excel
IND2029666,Power BI
IND2029668,JIRA
IND2029668,Requirements Gathering
IND2029668,SQL
IND2029668,Power BI
IND2029669,NLP
IND2029669,Deep Learning
IND2029669,Statistics
IND2029669,Pandas
IND2029672,JIRA
IND2029672,Agile
IND2029672,SQL
IND2029672,Excel
IND2029672,Requirements Gathering
IND2029676,Agile
IND2029676,Requirements Gathering
IND2029676,Power BI
IND2029681,Python
IND2029681,NLP
IND2029681,TensorFlow
IND2029681,Statistics
IND2029681,Scikit-learn
IND2029689,Tableau
IND2029689,Statistics
IND2029689,Excel
IND2029689,SQL
IND2029689,Python
IND2029689,Data Visualization
IND2029695,Python
IND2029695,Kafka
IND2029695,ETL
IND2029695,dbt
IND2029695,Airflow
IND2029695,Spark
IND2029696,Excel
IND2029696,Statistics
IND2029696,Python
IND2029696,Data Visualization
IND2029696,Tableau
IND2029696,SQL
IND2029705,Statistics
IND2029705,Tableau
IND2029705,Python
IND2029718,Python
IND2029718,Statistics
IND2029718,SQL
IND2029718,Data Visualization
IND2029718,Excel
IND2029746,NLP
IND2029746,Pandas
IND2029746,Scikit-learn
IND2029746,TensorFlow
IND2029746,Statistics
IND2029746,Machine Learning
IND2029751,SQL
IND2029751,Statistics
IND2029751,Data Visualization
IND2029751,Excel
IND2029757,Python
IND2029757,Deep Learning
IND2029757,Statistics
IND2029757,SQL
IND2029757,Tableau
IND2029757,Scikit-learn
IND2029776,AWS
IND2029776,Python
IND2029776,SQL
IND2029776,Airflow
IND2029781,TensorFlow
IND2029781,Scikit-learn
IND2029781,Pandas
IND2029781,Python
IND2029781,Statistics
IND2029781,SQL
IND2029785,Pandas
IND2029785,NLP
IND2029785,TensorFlow
IND2029785,SQL
IND2029802,Kafka
IND2029802,ETL
IND2029802,Airflow
IND2029802,SQL
IND2029802,Spark
IND2029802,dbt
IND2029811,Power BI
IND2029811,Agile
IND2029811,Excel
IND2029811,SQL
IND2029811,JIRA
IND2029818,Agile
IND2029818,Excel
IND2029818,SQL
IND2029818,Requirements Gathering
IND2029818,Power BI
IND2029818,JIRA
IND2029820,NLP
IND2029820,Scikit-learn
IND2029820,Python
IND2029820,Statistics
IND2029820,Tableau
IND2029820,TensorFlow
IND2029826,Requirements Gathering
IND2029826,Excel
IND2029826,JIRA
IND2029826,Power BI
IND2029826,Agile
IND2029826,SQL
IND2029827,Excel
IND2029827,Power BI
IND2029827,SQL
IND2029832,JIRA
IND2029832,Requirements Gathering
IND2029832,SQL
IND2029832,Agile
IND2029836,Statistics
IND2029836,Tableau
IND2029836,Machine Learning
IND2029837,ETL
IND2029837,Python
IND2029837,SQL
IND2029837,Kafka
IND2029837,AWS
IND2029837,Spark
IND2029849,Statistics
IND2029849,Pandas
IND2029849,Scikit-learn
IND2029854,SQL
IND2029854,Tableau
IND2029854,NLP
IND2029854,Python
IND2029854,Statistics
IND2029856,SQL
IND2029856,Power BI
IND2029856,Statistics
IND2029856,Excel
IND2029856,Data Visualization
IND2029856,Tableau
IND2029861,Excel
IND2029861,Agile
IND2029861,Power BI
IND2029870,Tableau
IND2029870,Scikit-learn
IND2029870,SQL
IND2029870,NLP
IND2029878,Python
IND2029878,AWS
IND2029878,ETL
IND2029878,Spark
IND2029879,SQL
IND2029879,Tableau
IND2029879,Pandas
IND2029879,Python
IND2029879,Deep Learning
IND2029879,Statistics
IND2029881,NLP
IND2029881,SQL
IND2029881,Tableau
IND2029901,Scikit-learn
IND2029901,Pandas
IND2029901,SQL
IND2029901,Tableau
IND2029901,Deep Learning
IND2029901,TensorFlow
IND2029902,Statistics
IND2029902,Excel
IND2029902,Power BI
IND2029902,Tableau
IND2029910,Data Visualization
IND2029910,Excel
IND2029910,SQL
IND2029910,Statistics
IND2029921,Spark
IND2029921,Kafka
IND2029921,SQL
IND2029921,Airflow
IND2029921,ETL
IND2029943,SQL
IND2029943,Python
IND2029943,AWS
IND2029947,Data Visualization
IND2029947,Power BI
IND2029947,Statistics
IND2029947,Excel
IND2029948,dbt
IND2029948,ETL
IND2029948,Airflow
IND2029948,AWS
IND2029948,Kafka
IND2029948,Spark
IND2029952,Statistics
IND2029952,Data Visualization
IND2029952,Tableau
IND2029952,Python
IND2029953,Excel
IND2029953,Power BI
IND2029953,SQL
IND2029953,Statistics
IND2029953,Data Visualization
IND2029953,Python
IND2029955,Excel
IND2029955,SQL
IND2029955,Agile
IND2029955,Requirements Gathering
IND2029970,Requirements Gathering
IND2029970,SQL
IND2029970,JIRA
IND2029970,Power BI
IND2029970,Agile
IND2029972,Requirements Gathering
IND2029972,Excel
IND2029972,Agile
IND2029972,Power BI
IND2029972,JIRA
IND2029972,SQL
IND2029982,Statistics
IND2029982,Scikit-learn
IND2029982,TensorFlow
IND2029985,Power BI
IND2029985,SQL
IND2029985,Data Visualization
IND2029985,Excel
IND2029994,Statistics
IND2029994,Python
IND2029994,Excel
